TESLA;CALLE64 #58 45;1254654;FRANCISCO
YAMAHA;CARRERA 65 54;3568754;DAVID
YANBAL;CARRERA 98 SUR 45;3564897;JUAN
YANDEX;CALLE 65 # 54;1000321;JAVIER
YAN;CARRERA NORTE 58;6500321;JOSE ANTONIO
YANA;CARRERA SUR 65 #45;6598788;DANIEL
YANG;CARRERA 65 45;9987546;JOSE LUIS
YANMAR;CALLE 82 63;3254654;FRANCISCO JAVIER
NISSAN;CARRERA 143;6544546;CARLOS
NEQUIN;CALLE 62A;5564521;JESUS
NUEVA EPS;CALLE 97;3123210;ALEJANDRO
NEQUIN;CALLE 54 243A;3654120;MIGUEL
NOVAVENTA;CALLE 825 17C;2145003;JOSE MANUEL
FORTECEM;CARRE 93C 14;2145632;RAFAEL
TESICOL;CALLE64 #58 45;3654215;MIGUEL ANGEL
PHUMASA;CARRERA 65 54;3565897;PABLO
DISFOCCI;CARRERA 98 SUR 45;5468325;PEDRO
PEGO PERFECTO;CALLE 65 # 54;1254654;ANGEL
AGOFER;CARRERA NORTE 58;3568754;SERGIO
FERRELAM;CARRERA SUR 65 #45;3564897;JOSE MARIA
CONSTRURAMA;CARRERA 65 45;1000321;FERNANDO
INDURRUEDAS;CALLE 82 63;6500321;JORGE
IMSOIND;CARRERA 143;6598788;LUIS
EASY;CALLE 62A;9987546;ALBERTO
TURBIBOMBAS LTDA;CALLE 97;3254654;ALVARO
IMPADOC;CALLE 54 243A;6544546;JUAN CARLOS
DISTRIB;CALLE 825 17C;5564521;ADRIAN
COLOMBIA PNEUMATIC;CARRE 93C 14;3123210;DIEGO
DISTRICONDOR;CALLE64 #58 45;3654120;JUAN JOSE
ICAFEL;CARRERA 65 54;2145003;RAUL
MAYUN;CARRERA 98 SUR 45;2145632;IVAN
DISCAR;CALLE 65 # 54;3654215;JUAN ANTONIO
SUIMTEC;CARRERA NORTE 58;3565897;RUBEN
BHS HERRAJES;CARRERA SUR 65 #45;5468325;ENRIQUE
HAY DISTRIBUCIONES;CARRERA 65 45;1254654;OSCAR
UNIFEL;CALLE 82 63;3568754;RAMON
INGEQUIN;CARRERA 143;3564897;ANDRES
TREFILADOS ;CALLE 62A;1000321;VICENTE
COMERCIALES CALDAS;CALLE 97;6500321;JUAN MANUEL
CONTINENTE;CALLE 54 243A;6598788;SANTIAGO
FERRAGRO;CALLE 825 17C;9987546;JOAQUIN
FERRINET LTDA;CARRE 93C 14;3254654;VICTOR
REMA;CALLE64 #58 45;6544546;MARIO
FF SOLUCIONES;CARRERA 65 54;5564521;EDUARDO
MAGAFER;CARRERA 98 SUR 45;3123210;ROBERTO
FERRINCO;CALLE 65 # 54;3654120;JAIME
SEGAR;CARRERA NORTE 58;2145003;FRANCISCO JOSE
DOTALAMA;CARRERA SUR 65 #45;2145632;MARCOS
G & J;CARRERA 65 45;3654215;IGNACIO
ACUATELLO;CALLE 82 63;3565897;HUGO
IMPOFER;CARRERA 143;5468325;ALFONSO
NORVENTAS;CALLE 62A;1254654;JORDI
IMSA COLSON;CALLE 97;3568754;RICARDO
MULTITEST;CALLE 54 243A;3564897;SALVADOR
GATER CERRADURAS;CALLE 825 17C;1000321;GUILLERMO
VINISOL;CARRE 93C 14;6500321;GABRIEL
ITALUMINIO;CALLE64 #58 45;6598788;MARC
FERROSVEL;CARRERA 65 54;9987546;EMILIO
PROACA ;CARRERA 98 SUR 45;3254654;MOHAMED
ZUBI OLA;CALLE 65 # 54;6544546;GONZALO
ADL DRYWALL;CARRERA NORTE 58;5564521;JULIO
CI GOODTRADE LTDA;CARRERA SUR 65 #45;3123210;JULIAN
SUMSE LTDA;CARRERA 65 45;3654120;MARTIN
T&C ;CALLE 82 63;2145003;JOSE MIGUEL
EQUIPELCO;CARRERA 143;2145632;TOMAS
ELECTROVERA;CALLE 62A;3654215;AGUSTIN
INDUCABLE;CALLE 97;3565897;NICOLAS
SUMATEC;CALLE 54 243A;5468325;JOSE RAMON
MICROLINK LTDA;CALLE 825 17C;1254654;SAMUEL
TESLA;CARRE 93C 14;3568754;ISMAEL
YAMAHA;CALLE64 #58 45;3564897;JOAN
YANBAL;CARRERA 65 54;1000321;CRISTIAN
YANDEX;CARRERA 98 SUR 45;6500321;FELIX
YAN;CALLE 65 # 54;6598788;LUCAS
YANA;CARRERA NORTE 58;9987546;AITOR
YANG;CARRERA SUR 65 #45;3254654;HECTOR
YANMAR;CARRERA 65 45;6544546;JUAN FRANCISCO
NISSAN;CALLE 82 63;5564521;IKER
NEQUIN;CARRERA 143;3123210;ALEX
NUEVA EPS;CALLE 62A;3654120;JOSE CARLOS
NEQUIN;CALLE 97;2145003;JOSEP
NOVAVENTA;CALLE 54 243A;2145632;SEBASTIAN
FORTECEM;CALLE 825 17C;3654215;MARIANO
TESICOL;CARRE 93C 14;3565897;CESAR
PHUMASA;CALLE64 #58 45;5468325;ALFREDO
DISFOCCI;CARRERA 65 54;1254654;DOMINGO
PEGO PERFECTO;CARRERA 98 SUR 45;3568754;JOSE ANGEL
AGOFER;CALLE 65 # 54;3564897;FELIPE
FERRELAM;CARRERA NORTE 58;1000321;VICTOR MANUEL
CONSTRURAMA;CARRERA SUR 65 #45;6500321;RODRIGO
INDURRUEDAS;CARRERA 65 45;6598788;JOSE IGNACIO
IMSOIND;CALLE 82 63;9987546;MATEO
EASY;CARRERA 143;3254654;LUIS MIGUEL
TURBIBOMBAS LTDA;CALLE 62A;6544546;JOSE FRANCISCO
IMPADOC;CALLE 97;5564521;JUAN LUIS
DISTRIB;CALLE 54 243A;3123210;XAVIER
COLOMBIA PNEUMATIC;CALLE 825 17C;3654120;ALBERT
DISTRICONDOR;CARRE 93C 14;2145003;MARIA CARMEN
ICAFEL;CALLE64 #58 45;2145632;MARIA
MAYUN;CARRERA 65 54;3654215;CARMEN
DISCAR;CARRERA 98 SUR 45;3565897;ANA MARIA
SUIMTEC;CALLE 65 # 54;5468325;JOSEFA
BHS HERRAJES;CARRERA NORTE 58;1254654;MARIA PILAR
HAY DISTRIBUCIONES;CARRERA SUR 65 #45;3568754;ISABEL
UNIFEL;CARRERA 65 45;3564897;LAURA
INGEQUIN;CALLE 82 63;1000321;MARIA DOLORES
TREFILADOS ;CARRERA 143;6500321;MARIA TERESA
COMERCIALES CALDAS;CALLE 62A;6598788;ANA
CONTINENTE;CALLE 97;9987546;CRISTINA
FERRAGRO;CALLE 54 243A;3254654;MARTA
FERRINET LTDA;CALLE 825 17C;6544546;MARIA ANGELES
REMA;CARRE 93C 14;5564521;LUCIA
FF SOLUCIONES;CALLE64 #58 45;3123210;FRANCISCA
MAGAFER;CARRERA 65 54;3654120;MARIA ISABEL
FERRINCO;CARRERA 98 SUR 45;2145003;MARIA JOSE
SEGAR;CALLE 65 # 54;2145632;ANTONIA
DOTALAMA;CARRERA NORTE 58;3654215;DOLORES
G & J;CARRERA SUR 65 #45;3565897;SARA
ACUATELLO;CARRERA 65 45;5468325;PAULA
IMPOFER;CALLE 82 63;1254654;ELENA
NORVENTAS;CARRERA 143;3568754;MARIA LUISA
IMSA COLSON;CALLE 62A;3564897;RAQUEL
MULTITEST;CALLE 97;1000321;ROSA MARIA
GATER CERRADURAS;CALLE 54 243A;6500321;PILAR
VINISOL;CALLE 825 17C;6598788;MANUELA
ITALUMINIO;CARRE 93C 14;9987546;CONCEPCION
FERROSVEL;CALLE64 #58 45;3254654;MARIA JESUS
PROACA ;CARRERA 65 54;6544546;MERCEDES
ZUBI OLA;CARRERA 98 SUR 45;5564521;JULIA
ADL DRYWALL;CALLE 65 # 54;3123210;BEATRIZ
CI GOODTRADE LTDA;CARRERA NORTE 58;3654120;NURIA
SUMSE LTDA;CARRERA SUR 65 #45;2145003;SILVIA
T&C ;CARRERA 65 45;2145632;ALBA
EQUIPELCO;CALLE 82 63;3654215;IRENE
ELECTROVERA;CARRERA 143;3565897;ROSARIO
INDUCABLE;CALLE 62A;5468325;JUANA
SUMATEC;CALLE 97;1254654;TERESA
MICROLINK LTDA;CALLE 54 243A;3568754;PATRICIA
TESLA;CALLE 825 17C;3564897;ENCARNACION
YAMAHA;CARRE 93C 14;1000321;MONTSERRAT
YANBAL;CALLE64 #58 45;6500321;ANDREA
YANDEX;CARRERA 65 54;6598788;ROCIO
YAN;CARRERA 98 SUR 45;9987546;MONICA
YANA;CALLE 65 # 54;3254654;ALICIA
YANG;CARRERA NORTE 58;6544546;MARIA MAR
YANMAR;CARRERA SUR 65 #45;5564521;ROSA
NISSAN;CARRERA 65 45;3123210;SONIA
NEQUIN;CALLE 82 63;3654120;SANDRA
NUEVA EPS;CARRERA 143;2145003;MARINA
NEQUIN;CALLE 62A;2145632;ANGELA
NOVAVENTA;CALLE 97;3654215;SUSANA
FORTECEM;CALLE 54 243A;3565897;NATALIA
TESICOL;CALLE 825 17C;5468325;YOLANDA
PHUMASA;CARRE 93C 14;1254654;MARGARITA
DISFOCCI;CALLE64 #58 45;3568754;MARIA JOSEFA
PEGO PERFECTO;CARRERA 65 54;3564897;CLAUDIA
AGOFER;CARRERA 98 SUR 45;1000321;SOFIA
FERRELAM;CALLE 65 # 54;6500321;EVA
CONSTRURAMA;CARRERA NORTE 58;6598788;CARLA
INDURRUEDAS;CARRERA SUR 65 #45;9987546;MARIA ROSARIO
IMSOIND;CARRERA 65 45;3254654;INMACULADA
EASY;CALLE 82 63;6544546;MARIA MERCEDES
TURBIBOMBAS LTDA;CARRERA 143;5564521;ANA ISABEL
IMPADOC;CALLE 62A;3123210;ESTHER
DISTRIB;CALLE 97;3654120;NOELIA
COLOMBIA PNEUMATIC;CALLE 54 243A;2145003;VERONICA
DISTRICONDOR;CALLE 825 17C;2145632;NEREA
ICAFEL;CARRE 93C 14;3654215;CAROLINA
MAYUN;CALLE64 #58 45;3565897;ANGELES
DISCAR;CARRERA 65 54;5468325;DANIELA
SUIMTEC;CARRERA 98 SUR 45;1254654;MARIA VICTORIA
BHS HERRAJES;CALLE 65 # 54;3568754;EVA MARIA
HAY DISTRIBUCIONES;CARRERA NORTE 58;3564897;INES
UNIFEL;CARRERA SUR 65 #45;1000321;MIRIAM
INGEQUIN;CARRERA 65 45;6500321;LORENA
TREFILADOS ;CALLE 82 63;6598788;MARIA ROSA
COMERCIALES CALDAS;CARRERA 143;9987546;MARIA ELENA
CONTINENTE;CALLE 62A;3254654;ANA BELEN
FERRAGRO;CALLE 97;6544546;VICTORIA
FERRINET LTDA;CALLE 54 243A;5564521;MARIA CONCEPCION
REMA;CALLE 825 17C;3123210;AMPARO
FF SOLUCIONES;CARRE 93C 14;3654120;MARTINA
MAGAFER;CALLE64 #58 45;2145003;MARIA ANTONIA
FERRINCO;CARRERA 65 54;2145632;ALEJANDRA
SEGAR;CARRERA 98 SUR 45;3654215;LIDIA
DOTALAMA;CALLE 65 # 54;3565897;CATALINA
G & J;CARRERA NORTE 58;5468325;CELIA
ACUATELLO;CARRERA SUR 65 #45;1254654;MARIA NIEVES
IMPOFER;CARRERA 65 45;3568754;CONSUELO
NORVENTAS;CALLE 82 63;3564897;FATIMA
IMSA COLSON;CARRERA 143;1000321;OLGA
MULTITEST;CALLE 62A;6500321;AINHOA
GATER CERRADURAS;CALLE 97;6598788;GLORIA
VINISOL;CALLE 54 243A;9987546;CLARA
ITALUMINIO;CALLE 825 17C;3254654;MARIA CRISTINA
FERROSVEL;CARRE 93C 14;6544546;MARIA SOLEDAD
PROACA ;CALLE64 #58 45;5564521;EMILIA
ZUBI OLA;CARRERA 65 54;3123210;ANTONIO
ADL DRYWALL;CARRERA 98 SUR 45;3654120;FRANCISCO
CI GOODTRADE LTDA;CALLE 65 # 54;2145003;JOSE
SUMSE LTDA;CARRERA NORTE 58;2145632;MANUEL
T&C ;CARRERA SUR 65 #45;3654215;JUAN
EQUIPELCO;CARRERA 65 45;3565897;JOSE ANTONIO
ELECTROVERA;CALLE 82 63;5468325;JUAN JOSE
INDUCABLE;CARRERA 143;1254654;FRANCISCO JAVIER
SUMATEC;CALLE 62A;3568754;MIGUEL
MICROLINK LTDA;CALLE 97;3564897;ALEJANDRO
TESLA;CALLE 54 243A;1000321;DAVID
YAMAHA;CALLE 825 17C;6500321;JOSE MANUEL
YANBAL;CARRE 93C 14;6598788;JUAN ANTONIO
YANDEX;CALLE64 #58 45;9987546;MOHAMED
YAN;CARRERA 65 54;3254654;JAVIER
YANA;CARRERA 98 SUR 45;6544546;DANIEL
YANG;CALLE 65 # 54;5564521;MIGUEL ANGEL
YANMAR;CARRERA NORTE 58;3123210;PEDRO
NISSAN;CARRERA SUR 65 #45;3654120;RAFAEL
NEQUIN;CARRERA 65 45;2145003;JOSE LUIS
NUEVA EPS;CALLE 82 63;2145632;JESUS
NEQUIN;CARRERA 143;3654215;DIEGO
NOVAVENTA;CALLE 62A;3565897;LUIS
FORTECEM;CALLE 97;5468325;FRANCISCO JOSE
TESICOL;CALLE 54 243A;1254654;JUAN MANUEL
PHUMASA;CALLE 825 17C;3568754;SERGIO
DISFOCCI;CARRE 93C 14;3564897;PABLO
PEGO PERFECTO;CALLE64 #58 45;1000321;ANGEL
AGOFER;CARRERA 65 54;6500321;JOSE MARIA
FERRELAM;CARRERA 98 SUR 45;6598788;JUAN FRANCISCO
CONSTRURAMA;CALLE 65 # 54;9987546;ADRIAN
INDURRUEDAS;CARRERA NORTE 58;3254654;JOAQUIN
IMSOIND;CARRERA SUR 65 #45;6544546;CARLOS
EASY;CARRERA 65 45;5564521;ALVARO
TURBIBOMBAS LTDA;CALLE 82 63;3123210;ANDRES
IMPADOC;CARRERA 143;3654120;ANTONIO JESUS
DISTRIB;CALLE 62A;2145003;JOSE MIGUEL
COLOMBIA PNEUMATIC;CALLE 97;2145632;JOSE FRANCISCO
DISTRICONDOR;CALLE 54 243A;3654215;RAMON
ICAFEL;CALLE 825 17C;3565897;RAUL
MAYUN;CARRE 93C 14;5468325;MOHAMMED
DISCAR;CALLE64 #58 45;1254654;GABRIEL
SUIMTEC;CARRERA 65 54;3568754;FERNANDO
BHS HERRAJES;CARRERA 98 SUR 45;3564897;JORGE
HAY DISTRIBUCIONES;CALLE 65 # 54;1000321;JUAN CARLOS
UNIFEL;CARRERA NORTE 58;6500321;ALBERTO
INGEQUIN;CARRERA SUR 65 #45;6598788;RUBEN
TREFILADOS ;CARRERA 65 45;9987546;IVAN
COMERCIALES CALDAS;CALLE 82 63;3254654;SALVADOR
CONTINENTE;CARRERA 143;6544546;AHMED
FERRAGRO;CALLE 62A;5564521;MARIANO
FERRINET LTDA;CALLE 97;3123210;JULIAN
REMA;CALLE 54 243A;3654120;VICTOR
FF SOLUCIONES;CALLE 825 17C;2145003;MARIO
MAGAFER;CARRE 93C 14;2145632;JULIO
FERRINCO;CALLE64 #58 45;3654215;JOSE MANUEL
SEGAR;CARRERA 65 54;3565897;RAFAEL
DOTALAMA;CARRERA 98 SUR 45;5468325;IVAN
G & J;CALLE 65 # 54;1254654;SANTIAGO
ACUATELLO;CARRERA NORTE 58;3568754;EDUARDO
IMPOFER;CARRERA SUR 65 #45;3564897;MARCOS
NORVENTAS;CARRERA 65 45;1000321;ENRIQUE
IMSA COLSON;CALLE 82 63;6500321;JUAN ANTONIO
MULTITEST;CARRERA 143;6598788;ANDRES
GATER CERRADURAS;CALLE 62A;9987546;ALFONSO
VINISOL;CALLE 97;3254654;FRANCISCO JOSE
ITALUMINIO;CALLE 54 243A;6544546;ANDRES
FERROSVEL;CALLE 825 17C;5564521;ADRIAN
PROACA ;CARRE 93C 14;3123210;MARIO
ZUBI OLA;CALLE64 #58 45;3654120;JULIAN
ADL DRYWALL;CARRERA 65 54;2145003;RUBEN
CI GOODTRADE LTDA;CARRERA 98 SUR 45;2145632;JUAN FRANCISCO
SUMSE LTDA;CALLE 65 # 54;3654215;SANTIAGO
T&C ;CARRERA NORTE 58;3565897;ALFONSO
EQUIPELCO;CARRERA SUR 65 #45;5468325;VICENTE
ELECTROVERA;CARRERA 65 45;1254654;ISMAEL
INDUCABLE;CALLE 82 63;3568754;TOMAS
SUMATEC;CARRERA 143;3564897;AGUSTIN
MICROLINK LTDA;CALLE 62A;1000321;EMILIO
TESLA;CALLE 97;6500321;RAMON
YAMAHA;CALLE 54 243A;6598788;JAUME
YANBAL;CALLE 825 17C;9987546;JESUS
YANDEX;CARRE 93C 14;3254654;JOSE MARIA
YAN;CALLE64 #58 45;6544546;FERNANDO
YANA;CARRERA 65 54;5564521;ANTONI
YANG;CARRERA 98 SUR 45;3123210;PABLO
YANMAR;CALLE 65 # 54;3654120;JORGE
NISSAN;CARRERA NORTE 58;2145003;ALBERTO
NEQUIN;CARRERA SUR 65 #45;2145632;MOHAMED
NUEVA EPS;CARRERA 65 45;3654215;PAU
NEQUIN;CALLE 82 63;3565897;IVAN
NOVAVENTA;CARRERA 143;5468325;RAMON
FORTECEM;CALLE 62A;1254654;LORENZO
TESICOL;CALLE 97;3568754;RAUL
PHUMASA;CALLE 54 243A;3564897;SANTIAGO
DISFOCCI;CALLE 825 17C;1000321;JESUS
PEGO PERFECTO;CARRE 93C 14;6500321;PAU
AGOFER;CALLE64 #58 45;6598788;FERNANDO
FERRELAM;CARRERA 65 54;9987546;MIGUEL ANGEL
CONSTRURAMA;CARRERA 98 SUR 45;3254654;ORIOL
INDURRUEDAS;CALLE 65 # 54;6544546;ERIC
IMSOIND;CARRERA NORTE 58;5564521;JOSE MANUEL
EASY;CARRERA SUR 65 #45;3123210;SERGI
TURBIBOMBAS LTDA;CARRERA 65 45;3654120;GERARD
IMPADOC;CALLE 82 63;2145003;MOHAMED
DISTRIB;CARRERA 143;2145632;ARNAU
COLOMBIA PNEUMATIC;CALLE 62A;3654215;JOAQUIN
DISTRICONDOR;CALLE 97;3565897;JAIME
ICAFEL;CALLE 54 243A;5468325;JAUME
MAYUN;CALLE 825 17C;1254654;JUAN CARLOS
DISCAR;CARRE 93C 14;3568754;MARIA
SUIMTEC;CALLE64 #58 45;3564897;MARIA CARMEN
BHS HERRAJES;CARRERA 65 54;1000321;ISABEL
HAY DISTRIBUCIONES;CARRERA 98 SUR 45;6500321;JOSEFA
UNIFEL;CALLE 65 # 54;6598788;MARIA DOLORES
INGEQUIN;CARRERA NORTE 58;9987546;CARMEN
TREFILADOS ;CARRERA SUR 65 #45;3254654;FRANCISCA
COMERCIALES CALDAS;CARRERA 65 45;6544546;MARIA PILAR
CONTINENTE;CALLE 82 63;5564521;MARIA JOSE
FERRAGRO;CARRERA 143;3123210;MARIA ISABEL
FERRINET LTDA;CALLE 62A;3654120;ANA
REMA;CALLE 97;2145003;LUCIA
FF SOLUCIONES;CALLE 54 243A;2145632;ANTONIA
MAGAFER;CALLE 825 17C;3654215;MARIA ANGELES
FERRINCO;CARRE 93C 14;3565897;DOLORES
SEGAR;CALLE64 #58 45;5468325;ANA MARIA
DOTALAMA;CARRERA 65 54;1254654;PILAR
G & J;CARRERA 98 SUR 45;3568754;LAURA
ACUATELLO;CALLE 65 # 54;3564897;CRISTINA
IMPOFER;CARRERA NORTE 58;1000321;MARIA TERESA
NORVENTAS;CARRERA SUR 65 #45;6500321;ENCARNACION
IMSA COLSON;CARRERA 65 45;6598788;ELENA
MULTITEST;CALLE 82 63;9987546;MARTA
GATER CERRADURAS;CARRERA 143;3254654;JUANA
VINISOL;CALLE 62A;6544546;ROSARIO
ITALUMINIO;CALLE 97;5564521;MANUELA
FERROSVEL;CALLE 54 243A;3123210;ROSA MARIA
PROACA ;CALLE 825 17C;3654120;PAULA
ZUBI OLA;CARRE 93C 14;2145003;MARIA LLANOS
ADL DRYWALL;CALLE64 #58 45;2145632;RAQUEL
CI GOODTRADE LTDA;CARRERA 65 54;3654215;IRENE
SUMSE LTDA;CARRERA 98 SUR 45;3565897;MARIA JOSEFA
T&C ;CALLE 65 # 54;5468325;ANGELA
EQUIPELCO;CARRERA NORTE 58;1254654;JULIA
ELECTROVERA;CARRERA SUR 65 #45;3568754;ANGELES
INDUCABLE;CARRERA 65 45;3564897;MERCEDES
SUMATEC;CALLE 82 63;1000321;BEATRIZ
MICROLINK LTDA;CARRERA 143;6500321;ANA BELEN
TESLA;CALLE 62A;6598788;CONCEPCION
YAMAHA;CALLE 97;9987546;ROCIO
YANBAL;CALLE 54 243A;3254654;TERESA
YANDEX;CALLE 825 17C;6544546;ALICIA
YAN;CARRE 93C 14;5564521;AMPARO
YANA;CALLE64 #58 45;3123210;SARA
YANG;CARRERA 65 54;3654120;ANDREA
YANMAR;CARRERA 98 SUR 45;2145003;CONSUELO
NISSAN;CALLE 65 # 54;2145632;ROSA
NEQUIN;CARRERA NORTE 58;3654215;NURIA
NUEVA EPS;CARRERA SUR 65 #45;3565897;MARIA LUISA
NEQUIN;CARRERA 65 45;5468325;MARIA ROSARIO
NOVAVENTA;CALLE 82 63;1254654;MARIA
FORTECEM;CARRERA 143;3568754;MARIA CARMEN
TESICOL;CALLE 62A;3564897;JOSEFA
PHUMASA;CALLE 97;1000321;CARMEN
DISFOCCI;CALLE 54 243A;6500321;MARIA DOLORES
PEGO PERFECTO;CALLE 825 17C;6598788;MARIA TERESA
AGOFER;CARRE 93C 14;9987546;FRANCISCA
FERRELAM;CALLE64 #58 45;3254654;ISABEL
CONSTRURAMA;CARRERA 65 54;6544546;MARIA JOSE
INDURRUEDAS;CARRERA 98 SUR 45;5564521;ANTONIA
IMSOIND;CALLE 65 # 54;3123210;LAURA
EASY;CARRERA NORTE 58;3654120;ANA MARIA
TURBIBOMBAS LTDA;CARRERA SUR 65 #45;2145003;ANA
IMPADOC;CARRERA 65 45;2145632;DOLORES
DISTRIB;CALLE 82 63;3654215;MARIA ANGELES
COLOMBIA PNEUMATIC;CARRERA 143;3565897;CRISTINA
DISTRICONDOR;CALLE 62A;5468325;LUCIA
ICAFEL;CALLE 97;1254654;MARIA ISABEL
MAYUN;CALLE 54 243A;3568754;CONCEPCION
DISCAR;CALLE 825 17C;3564897;MARIA PILAR
SUIMTEC;CARRE 93C 14;1000321;ENCARNACION
BHS HERRAJES;CALLE64 #58 45;6500321;ELENA
HAY DISTRIBUCIONES;CARRERA 65 54;6598788;PAULA
UNIFEL;CARRERA 98 SUR 45;9987546;TERESA
INGEQUIN;CALLE 65 # 54;3254654;RAQUEL
TREFILADOS ;CARRERA NORTE 58;6544546;ROSA MARIA
COMERCIALES CALDAS;CARRERA SUR 65 #45;5564521;MANUELA
CONTINENTE;CARRERA 65 45;3123210;SARA
FERRAGRO;CALLE 82 63;3654120;ROSARIO
FERRINET LTDA;CARRERA 143;2145003;ANDREA
REMA;CALLE 62A;2145632;MARTA
FF SOLUCIONES;CALLE 97;3654215;MARIA LUISA
MAGAFER;CALLE 54 243A;3565897;IRENE
FERRINCO;CALLE 825 17C;5468325;ROSA
SEGAR;CARRE 93C 14;1254654;PILAR
DOTALAMA;CALLE64 #58 45;3568754;ALBA
G & J;CARRERA 65 54;3564897;ANGELA
ACUATELLO;CARRERA 98 SUR 45;1000321;MARINA
IMPOFER;CALLE 65 # 54;6500321;JUANA
NORVENTAS;CARRERA NORTE 58;6598788;PATRICIA
IMSA COLSON;CARRERA SUR 65 #45;9987546;NATALIA
MULTITEST;CARRERA 65 45;3254654;SILVIA
GATER CERRADURAS;CALLE 82 63;6544546;VERONICA
VINISOL;CARRERA 143;5564521;JULIA
ITALUMINIO;CALLE 62A;3123210;MERCEDES
FERROSVEL;CALLE 97;3654120;ALICIA
PROACA ;CALLE 54 243A;2145003;BEATRIZ
ZUBI OLA;CALLE 825 17C;2145632;MARIA JESUS
ADL DRYWALL;CARRE 93C 14;3654215;SOFIA
CI GOODTRADE LTDA;CALLE64 #58 45;3565897;NURIA
SUMSE LTDA;CARRERA 65 54;5468325;MARIA
T&C ;CARRERA 98 SUR 45;1254654;MARIA CARMEN
EQUIPELCO;CALLE 65 # 54;3568754;CARMEN
ELECTROVERA;CARRERA NORTE 58;3564897;ISABEL
INDUCABLE;CARRERA SUR 65 #45;1000321;MARIA DOLORES
SUMATEC;CARRERA 65 45;6500321;DOLORES
MICROLINK LTDA;CALLE 82 63;6598788;MARIA MAR
TESLA;CARRERA 143;9987546;ANA MARIA
YAMAHA;CALLE 62A;3254654;ANA
YANBAL;CALLE 97;6544546;FRANCISCA
YANDEX;CALLE 54 243A;5564521;ENCARNACION
YAN;CALLE 825 17C;3123210;ANTONIA
YANA;CARRE 93C 14;3654120;JOSEFA
YANG;CALLE64 #58 45;2145003;MARIA JOSE
YANMAR;CARRERA 65 54;2145632;MARIA ISABEL
NISSAN;CARRERA 98 SUR 45;3654215;LAURA
NEQUIN;CALLE 65 # 54;3565897;MARIA ANGELES
NUEVA EPS;CARRERA NORTE 58;5468325;LUCIA
NEQUIN;CARRERA SUR 65 #45;1254654;ISABEL MARIA
NOVAVENTA;CARRERA 65 45;3568754;CRISTINA
FORTECEM;CALLE 82 63;3564897;JUANA
TESICOL;CARRERA 143;1000321;ROCIO
PHUMASA;CALLE 62A;6500321;ANGELES
DISFOCCI;CALLE 97;6598788;ROSA MARIA
PEGO PERFECTO;CALLE 54 243A;9987546;ELENA
AGOFER;CALLE 825 17C;3254654;MARTA
FERRELAM;CARRE 93C 14;6544546;ROSA
CONSTRURAMA;CALLE64 #58 45;5564521;PAULA
INDURRUEDAS;CARRERA 65 54;3123210;MERCEDES
IMSOIND;CARRERA 98 SUR 45;3654120;FATIMA
EASY;CALLE 65 # 54;2145003;MARIA PILAR
TURBIBOMBAS LTDA;CARRERA NORTE 58;2145632;MARIA TERESA
IMPADOC;CARRERA SUR 65 #45;3654215;CARMEN MARIA
DISTRIB;CARRERA 65 45;3565897;ANA BELEN
COLOMBIA PNEUMATIC;CALLE 82 63;5468325;MARINA
DISTRICONDOR;CARRERA 143;1254654;ALBA
ICAFEL;CALLE 62A;3568754;IRENE
MAYUN;CALLE 97;3564897;MARIA JOSEFA
DISCAR;CALLE 54 243A;1000321;MANUELA
SUIMTEC;CALLE 825 17C;6500321;ROSARIO
BHS HERRAJES;CARRE 93C 14;6598788;RAQUEL
HAY DISTRIBUCIONES;CALLE64 #58 45;9987546;SARA
UNIFEL;CARRERA 65 54;3254654;BEATRIZ
INGEQUIN;CARRERA 98 SUR 45;6544546;PATRICIA
TREFILADOS ;CALLE 65 # 54;5564521;ANDREA
COMERCIALES CALDAS;CARRERA NORTE 58;3123210;NATALIA
CONTINENTE;CARRERA SUR 65 #45;3654120;INMACULADA
FERRAGRO;CARRERA 65 45;2145003;MARIA LUISA
FERRINET LTDA;CALLE 82 63;2145632;ALICIA
REMA;CARRERA 143;3654215;NOELIA
FF SOLUCIONES;CALLE 62A;3565897;MARIA CARMEN
MAGAFER;CALLE 97;5468325;MARIA
FERRINCO;CALLE 54 243A;1254654;MARIA TERESA
SEGAR;CALLE 825 17C;3568754;MARIA PILAR
DOTALAMA;CARRE 93C 14;3564897;CARMEN
G & J;CALLE64 #58 45;1000321;LUCIA
ACUATELLO;CARRERA 65 54;6500321;LAURA
IMPOFER;CARRERA 98 SUR 45;6598788;MARIA ANGELES
NORVENTAS;CALLE 65 # 54;9987546;ANA MARIA
IMSA COLSON;CARRERA NORTE 58;3254654;MARIA JESUS
MULTITEST;CARRERA SUR 65 #45;6544546;ISABEL
GATER CERRADURAS;CARRERA 65 45;5564521;MARIA ISABEL
VINISOL;CALLE 82 63;3123210;CRISTINA
ITALUMINIO;CARRERA 143;3654120;SARA
FERROSVEL;CALLE 62A;2145003;JULIA
PROACA ;CALLE 97;2145632;RAQUEL
ZUBI OLA;CALLE 54 243A;3654215;TERESA
ADL DRYWALL;CALLE 825 17C;3565897;MARTA
CI GOODTRADE LTDA;CARRE 93C 14;5468325;MARIA LUISA
SUMSE LTDA;CALLE64 #58 45;1254654;BEATRIZ
T&C ;CARRERA 65 54;3568754;ELENA
EQUIPELCO;CARRERA 98 SUR 45;3564897;PAULA
ELECTROVERA;CALLE 65 # 54;1000321;PILAR
INDUCABLE;CARRERA NORTE 58;6500321;MARIA SONSOLES
SUMATEC;CARRERA SUR 65 #45;6598788;ANA
MICROLINK LTDA;CARRERA 65 45;9987546;ROSA MARIA
TESLA;CALLE 82 63;3254654;JUANA
YAMAHA;CARRERA 143;6544546;ALICIA
YANBAL;CALLE 62A;5564521;PATRICIA
YANDEX;CALLE 97;3123210;IRENE
YAN;CALLE 54 243A;3654120;MARIA DOLORES
YANA;CALLE 825 17C;2145003;ANA ISABEL
YANG;CARRE 93C 14;2145632;ANGELA
YANMAR;CALLE64 #58 45;3654215;ALBA
NISSAN;CARRERA 65 54;3565897;FRANCISCA
NEQUIN;CARRERA 98 SUR 45;5468325;MARIA ROSARIO
NUEVA EPS;CALLE 65 # 54;1254654;MERCEDES
NEQUIN;CARRERA NORTE 58;3568754;ANDREA
NOVAVENTA;CARRERA SUR 65 #45;3564897;SONIA
FORTECEM;CARRERA 65 45;1000321;SONSOLES
TESICOL;CALLE 82 63;6500321;SILVIA
PHUMASA;CARRERA 143;6598788;ANTONIA
DISFOCCI;CALLE 62A;9987546;CONCEPCION
PEGO PERFECTO;CALLE 97;3254654;YOLANDA
AGOFER;CALLE 54 243A;6544546;JOSEFA
FERRELAM;CALLE 825 17C;5564521;SUSANA
CONSTRURAMA;CARRE 93C 14;3123210;NURIA
INDURRUEDAS;CALLE64 #58 45;3654120;MARGARITA
IMSOIND;CARRERA 65 54;2145003;MARIA JOSE
EASY;CARRERA 98 SUR 45;2145632;MARIA MERCEDES
TURBIBOMBAS LTDA;CALLE 65 # 54;3654215;MARIA
IMPADOC;CARRERA NORTE 58;3565897;MARIA CARMEN
DISTRIB;CARRERA SUR 65 #45;5468325;ANTONIA
COLOMBIA PNEUMATIC;CARRERA 65 45;1254654;CARMEN
DISTRICONDOR;CALLE 82 63;3568754;ISABEL
ICAFEL;CARRERA 143;3564897;MANUELA
MAYUN;CALLE 62A;1000321;JOSEFA
DISCAR;CALLE 97;6500321;FRANCISCA
SUIMTEC;CALLE 54 243A;6598788;ANA
BHS HERRAJES;CALLE 825 17C;9987546;MARIA JOSE
HAY DISTRIBUCIONES;CARRE 93C 14;3254654;MARIA DOLORES
UNIFEL;CALLE64 #58 45;6544546;MARIA ANGELES
INGEQUIN;CARRERA 65 54;5564521;ANA MARIA
TREFILADOS ;CARRERA 98 SUR 45;3123210;MARIA ISABEL
COMERCIALES CALDAS;CALLE 65 # 54;3654120;LUCIA
CONTINENTE;CARRERA NORTE 58;2145003;LAURA
FERRAGRO;CARRERA SUR 65 #45;2145632;CRISTINA
FERRINET LTDA;CARRERA 65 45;3654215;MARIA PILAR
REMA;CALLE 82 63;3565897;JUANA
FF SOLUCIONES;CARRERA 143;5468325;MARIA TERESA
MAGAFER;CALLE 62A;1254654;MARTA
FERRINCO;CALLE 97;3568754;ANGELA
SEGAR;CALLE 54 243A;3564897;DOLORES
DOTALAMA;CALLE 825 17C;1000321;ELENA
G & J;CARRE 93C 14;6500321;MARIA JOSEFA
ACUATELLO;CALLE64 #58 45;6598788;MARIA LUISA
IMPOFER;CARRERA 65 54;9987546;ROCIO
NORVENTAS;CARRERA 98 SUR 45;3254654;PAULA
IMSA COLSON;CALLE 65 # 54;6544546;SARA
MULTITEST;CARRERA NORTE 58;5564521;JULIA
GATER CERRADURAS;CARRERA SUR 65 #45;3123210;RAQUEL
VINISOL;CARRERA 65 45;3654120;ROSA MARIA
ITALUMINIO;CALLE 82 63;2145003;ISABEL MARIA
FERROSVEL;CARRERA 143;2145632;CONCEPCION
PROACA ;CALLE 62A;3654215;IRENE
ZUBI OLA;CALLE 97;3565897;TERESA
ADL DRYWALL;CALLE 54 243A;5468325;ALBA
CI GOODTRADE LTDA;CALLE 825 17C;1254654;BEATRIZ
SUMSE LTDA;CARRE 93C 14;3568754;LUISA
T&C ;CALLE64 #58 45;3564897;INMACULADA
EQUIPELCO;CARRERA 65 54;1000321;MARIA JESUS
ELECTROVERA;CARRERA 98 SUR 45;6500321;MERCEDES
INDUCABLE;CALLE 65 # 54;6598788;ALICIA
SUMATEC;CARRERA NORTE 58;9987546;PILAR
MICROLINK LTDA;CARRERA SUR 65 #45;3254654;ENCARNACION
TESLA;CARRERA 65 45;6544546;ANA BELEN
YAMAHA;CALLE 82 63;5564521;NATALIA
YANBAL;CARRERA 143;3123210;CATALINA
YANDEX;CALLE 62A;3654120;MARIA SOLEDAD
YAN;CALLE 97;2145003;ANDREA
YANA;CALLE 54 243A;2145632;MARIA
YANG;CALLE 825 17C;3654215;CATALINA
YANMAR;CARRE 93C 14;3565897;MARGARITA
NISSAN;CALLE64 #58 45;5468325;ANTONIA
NEQUIN;CARRERA 65 54;1254654;FRANCISCA
NUEVA EPS;CARRERA 98 SUR 45;3568754;MARIA CARMEN
NEQUIN;CALLE 65 # 54;3564897;ISABEL
NOVAVENTA;CARRERA NORTE 58;1000321;LAURA
FORTECEM;CARRERA SUR 65 #45;6500321;MARTA
TESICOL;CARRERA 65 45;6598788;ANA MARIA
PHUMASA;CALLE 82 63;9987546;CRISTINA
DISFOCCI;CARRERA 143;3254654;ANA
PEGO PERFECTO;CALLE 62A;6544546;JUANA
AGOFER;CALLE 97;5564521;CARMEN
FERRELAM;CALLE 54 243A;3123210;MAGDALENA
CONSTRURAMA;CALLE 825 17C;3654120;MARIA ANTONIA
INDURRUEDAS;CARRE 93C 14;2145003;PAULA
IMSOIND;CALLE64 #58 45;2145632;JOSEFA
EASY;CARRERA 65 54;3654215;MARINA
TURBIBOMBAS LTDA;CARRERA 98 SUR 45;3565897;LUCIA
IMPADOC;CALLE 65 # 54;5468325;MARIA ISABEL
DISTRIB;CARRERA NORTE 58;1254654;MARIA PILAR
COLOMBIA PNEUMATIC;CARRERA SUR 65 #45;3568754;MARIA DOLORES
DISTRICONDOR;CARRERA 65 45;3564897;MARIA MAGDALENA
ICAFEL;CALLE 82 63;1000321;MARIA TERESA
MAYUN;CARRERA 143;6500321;MARIA JOSE
DISCAR;CALLE 62A;6598788;MARIA ANGELES
SUIMTEC;CALLE 97;9987546;SARA
BHS HERRAJES;CALLE 54 243A;3254654;MARIA MAR
HAY DISTRIBUCIONES;CALLE 825 17C;6544546;NURIA
UNIFEL;CARRE 93C 14;5564521;JUANA MARIA
INGEQUIN;CALLE64 #58 45;3123210;ELENA
TREFILADOS ;CARRERA 65 54;3654120;AINA
COMERCIALES CALDAS;CARRERA 98 SUR 45;2145003;JULIA
CONTINENTE;CALLE 65 # 54;2145632;SILVIA
FERRAGRO;CARRERA NORTE 58;3654215;DOLORES
FERRINET LTDA;CARRERA SUR 65 #45;3565897;RAQUEL
REMA;CARRERA 65 45;5468325;ANDREA
FF SOLUCIONES;CALLE 82 63;1254654;MONICA
MAGAFER;CARRERA 143;3568754;ROSA MARIA
FERRINCO;CALLE 62A;3564897;SANDRA
SEGAR;CALLE 97;1000321;BARBARA
DOTALAMA;CALLE 54 243A;6500321;IRENE
G & J;CALLE 825 17C;6598788;PATRICIA
ACUATELLO;CARRE 93C 14;9987546;ALBA
IMPOFER;CALLE64 #58 45;3254654;MARIA LUISA
NORVENTAS;CARRERA 65 54;6544546;MARGALIDA
IMSA COLSON;CARRERA 98 SUR 45;5564521;ROSA
MULTITEST;CALLE 65 # 54;3123210;NATALIA
GATER CERRADURAS;CARRERA NORTE 58;3654120;CLAUDIA
